obfuscation,seed,n_entities,n_launderers,model,comparison,metric,d_point,ci_lo,ci_hi,equiv_bound,verdict,T2_auc,hi_auc,T2_ap,hi_ap,audit_pass,audit_worst_feature,audit_worst_auc
0.5,20260707,8000,388,logit,T2_vs_T3,auc,0.008066482114512663,0.004462335466969369,0.011777497532232017,0.011777497532232017,EQUIVALENT,0.9738259178399813,0.981892399954494,0.8327674831280137,0.8786866890361811,True,w_frac_fast_mean,0.8204672763027449
0.5,20260707,8000,388,logit,T2_vs_T3,ap,0.04591920590816734,0.033548889734561174,0.058492201403208634,0.058492201403208634,SURVEILLANCE_SUPERIOR,0.9738259178399813,0.981892399954494,0.8327674831280137,0.8786866890361811,True,w_frac_fast_mean,0.8204672763027449
0.5,20260707,8000,388,logit,T2_vs_T4,auc,0.010653282121013463,0.006487088877217706,0.015028804108898319,0.015028804108898319,EQUIVALENT,0.9738259178399813,0.9844791999609948,0.8327674831280137,0.9092218167481549,True,w_frac_fast_mean,0.8204672763027449
0.5,20260707,8000,388,logit,T2_vs_T4,ap,0.0764543336201412,0.060780520289202486,0.09278211450680408,0.09278211450680408,SURVEILLANCE_SUPERIOR,0.9738259178399813,0.9844791999609948,0.8327674831280137,0.9092218167481549,True,w_frac_fast_mean,0.8204672763027449
0.5,20260707,8000,388,gboost,T2_vs_T3,auc,0.001213155029226698,0.00010538441205621974,0.0026701086365999048,0.0026701086365999048,EQUIVALENT,0.9960690120320059,0.9972821670612326,0.9648539252237696,0.970266587099708,True,w_frac_fast_mean,0.8204672763027449
0.5,20260707,8000,388,gboost,T2_vs_T3,ap,0.005412661875938474,0.00019281678925261468,0.010868221825246209,0.010868221825246209,EQUIVALENT,0.9960690120320059,0.9972821670612326,0.9648539252237696,0.970266587099708,True,w_frac_fast_mean,0.8204672763027449
0.5,20260707,8000,388,gboost,T2_vs_T4,auc,0.001717987334160398,0.000455723225966298,0.003197857746268523,0.003197857746268523,EQUIVALENT,0.9960690120320059,0.9977869993661663,0.9648539252237696,0.9760674940374102,True,w_frac_fast_mean,0.8204672763027449
0.5,20260707,8000,388,gboost,T2_vs_T4,ap,0.011213568813640662,0.004989302323575584,0.01788619829156322,0.01788619829156322,EQUIVALENT,0.9960690120320059,0.9977869993661663,0.9648539252237696,0.9760674940374102,True,w_frac_fast_mean,0.8204672763027449
0.5,20260708,8000,426,logit,T2_vs_T3,auc,0.0037414877434663874,0.001006875001808033,0.006806227007594667,0.006806227007594667,EQUIVALENT,0.9777106880345536,0.98145217577802,0.8765745919951374,0.90270534073579,True,w_frac_fast_mean,0.8487204806162916
0.5,20260708,8000,426,logit,T2_vs_T3,ap,0.026130748740652576,0.01841824241712762,0.03439357122107027,0.03439357122107027,INCONCLUSIVE,0.9777106880345536,0.98145217577802,0.8765745919951374,0.90270534073579,True,w_frac_fast_mean,0.8487204806162916
0.5,20260708,8000,426,logit,T2_vs_T4,auc,0.006446566025853251,0.0028795804165428263,0.01009270972579424,0.01009270972579424,EQUIVALENT,0.9777106880345536,0.9841572540604069,0.8765745919951374,0.9245439766241934,True,w_frac_fast_mean,0.8487204806162916
0.5,20260708,8000,426,logit,T2_vs_T4,ap,0.04796938462905598,0.036776495961135705,0.059504757096930594,0.059504757096930594,SURVEILLANCE_SUPERIOR,0.9777106880345536,0.9841572540604069,0.8765745919951374,0.9245439766241934,True,w_frac_fast_mean,0.8487204806162916
0.5,20260708,8000,426,gboost,T2_vs_T3,auc,0.0011949391977248425,-0.0003200628831659891,0.002749479356910206,0.002749479356910206,EQUIVALENT,0.9924336530582138,0.9936285922559387,0.9606231098397728,0.9666354047288627,True,w_frac_fast_mean,0.8487204806162916
0.5,20260708,8000,426,gboost,T2_vs_T3,ap,0.006012294889089831,0.001830034663073249,0.010064523919979716,0.010064523919979716,EQUIVALENT,0.9924336530582138,0.9936285922559387,0.9606231098397728,0.9666354047288627,True,w_frac_fast_mean,0.8487204806162916
0.5,20260708,8000,426,gboost,T2_vs_T4,auc,0.003524845933270515,0.0014327985817797484,0.0058422112086451315,0.0058422112086451315,EQUIVALENT,0.9924336530582138,0.9959584989914844,0.9606231098397728,0.974240861660054,True,w_frac_fast_mean,0.8487204806162916
0.5,20260708,8000,426,gboost,T2_vs_T4,ap,0.013617751820281132,0.007594620333582558,0.019977642556640238,0.019977642556640238,EQUIVALENT,0.9924336530582138,0.9959584989914844,0.9606231098397728,0.974240861660054,True,w_frac_fast_mean,0.8487204806162916
0.5,20260709,8000,383,logit,T2_vs_T3,auc,0.00750005741588744,0.003984657879760984,0.01125573545738721,0.01125573545738721,EQUIVALENT,0.9693241481624687,0.9768242055783561,0.834273615510514,0.8694983682787962,True,w_frac_fast_mean,0.8444475066251079
0.5,20260709,8000,383,logit,T2_vs_T3,ap,0.035224752768282186,0.024986023156302495,0.04570435200911723,0.04570435200911723,INCONCLUSIVE,0.9693241481624687,0.9768242055783561,0.834273615510514,0.8694983682787962,True,w_frac_fast_mean,0.8444475066251079
0.5,20260709,8000,383,logit,T2_vs_T4,auc,0.01587523579076766,0.010392903385188178,0.021826842741423148,0.021826842741423148,EQUIVALENT,0.9693241481624687,0.9851993839532364,0.834273615510514,0.897938578325712,True,w_frac_fast_mean,0.8444475066251079
0.5,20260709,8000,383,logit,T2_vs_T4,ap,0.06366496281519796,0.04838240281400992,0.0797868165879307,0.0797868165879307,SURVEILLANCE_SUPERIOR,0.9693241481624687,0.9851993839532364,0.834273615510514,0.897938578325712,True,w_frac_fast_mean,0.8444475066251079
0.5,20260709,8000,383,gboost,T2_vs_T3,auc,-0.000789768386023959,-0.005162731410959365,0.002041552504522337,0.005162731410959365,EQUIVALENT,0.9942680091358104,0.9934782407497864,0.9559833195950064,0.9623648083544958,True,w_frac_fast_mean,0.8444475066251079
0.5,20260709,8000,383,gboost,T2_vs_T3,ap,0.0063814887594894065,0.0018611372342732745,0.01100055777640081,0.01100055777640081,EQUIVALENT,0.9942680091358104,0.9934782407497864,0.9559833195950064,0.9623648083544958,True,w_frac_fast_mean,0.8444475066251079
0.5,20260709,8000,383,gboost,T2_vs_T4,auc,0.0020697141991374846,0.0009007017332805622,0.0033569788828037178,0.0033569788828037178,EQUIVALENT,0.9942680091358104,0.9963377233349479,0.9559833195950064,0.9701786313666487,True,w_frac_fast_mean,0.8444475066251079
0.5,20260709,8000,383,gboost,T2_vs_T4,ap,0.01419531177164235,0.007346688643117438,0.021325376989867258,0.021325376989867258,EQUIVALENT,0.9942680091358104,0.9963377233349479,0.9559833195950064,0.9701786313666487,True,w_frac_fast_mean,0.8444475066251079
0.6,20260707,8000,388,logit,T2_vs_T3,auc,0.00608101153360685,0.0029065565289718375,0.009450313662945258,0.009450313662945258,EQUIVALENT,0.981241298329821,0.9873223098634278,0.8592801203147613,0.8943074484655228,True,w_frac_fast_mean,0.8395784464031291
0.6,20260707,8000,388,logit,T2_vs_T3,ap,0.03502732815076148,0.024710093692501572,0.04621853187002939,0.04621853187002939,INCONCLUSIVE,0.981241298329821,0.9873223098634278,0.8592801203147613,0.8943074484655228,True,w_frac_fast_mean,0.8395784464031291
0.6,20260707,8000,388,logit,T2_vs_T4,auc,0.010853386676490273,0.007037814502840511,0.014883101777066471,0.014883101777066471,EQUIVALENT,0.981241298329821,0.9920946850063113,0.8592801203147613,0.9217799494953737,True,w_frac_fast_mean,0.8395784464031291
0.6,20260707,8000,388,logit,T2_vs_T4,ap,0.062499829180612365,0.04784005195750821,0.07813581306704316,0.07813581306704316,SURVEILLANCE_SUPERIOR,0.981241298329821,0.9920946850063113,0.8592801203147613,0.9217799494953737,True,w_frac_fast_mean,0.8395784464031291
0.6,20260707,8000,388,gboost,T2_vs_T3,auc,0.00018114371773281235,-0.0005180839961273775,0.0009187637080372898,0.0009187637080372898,EQUIVALENT,0.9976864392088455,0.9978675829265783,0.9804559198811121,0.9805883180822405,True,w_frac_fast_mean,0.8395784464031291
0.6,20260707,8000,388,gboost,T2_vs_T3,ap,0.00013239820112831424,-0.003152662694308106,0.0035304074496701476,0.0035304074496701476,EQUIVALENT,0.9976864392088455,0.9978675829265783,0.9804559198811121,0.9805883180822405,True,w_frac_fast_mean,0.8395784464031291
0.6,20260707,8000,388,gboost,T2_vs_T4,auc,0.000904364243110467,-0.00015516410096325095,0.0021355027947137116,0.0021355027947137116,EQUIVALENT,0.9976864392088455,0.9985908034519559,0.9804559198811121,0.9849013133740881,True,w_frac_fast_mean,0.8395784464031291
0.6,20260707,8000,388,gboost,T2_vs_T4,ap,0.004445393492976013,-0.0007716866148600898,0.01015225610426264,0.01015225610426264,EQUIVALENT,0.9976864392088455,0.9985908034519559,0.9804559198811121,0.9849013133740881,True,w_frac_fast_mean,0.8395784464031291
0.6,20260708,8000,426,logit,T2_vs_T3,auc,0.0066625879739310445,0.004053660571234153,0.00935829591728472,0.00935829591728472,EQUIVALENT,0.9773778220772571,0.9840404100511881,0.8369138002604235,0.8777135449743491,True,w_frac_fast_mean,0.8331163815920787
0.6,20260708,8000,426,logit,T2_vs_T3,ap,0.040799744713925556,0.030708620753159832,0.05139771793256985,0.05139771793256985,SURVEILLANCE_SUPERIOR,0.9773778220772571,0.9840404100511881,0.8369138002604235,0.8777135449743491,True,w_frac_fast_mean,0.8331163815920787
0.6,20260708,8000,426,logit,T2_vs_T4,auc,0.010381140819036294,0.006744930373836578,0.014325438169029193,0.014325438169029193,EQUIVALENT,0.9773778220772571,0.9877589628962934,0.8369138002604235,0.9085307981799968,True,w_frac_fast_mean,0.8331163815920787
0.6,20260708,8000,426,logit,T2_vs_T4,ap,0.07161699791957332,0.057575952446315484,0.08549473137691593,0.08549473137691593,SURVEILLANCE_SUPERIOR,0.9773778220772571,0.9877589628962934,0.8369138002604235,0.9085307981799968,True,w_frac_fast_mean,0.8331163815920787
0.6,20260708,8000,426,gboost,T2_vs_T3,auc,0.0008485912393647599,8.567957460273725e-05,0.0017965509320823135,0.0017965509320823135,EQUIVALENT,0.9946919657191453,0.9955405569585101,0.9712531050948878,0.9739838199085595,True,w_frac_fast_mean,0.8331163815920787
0.6,20260708,8000,426,gboost,T2_vs_T3,ap,0.0027307148136717085,0.0003212897168441531,0.00550297971989666,0.00550297971989666,EQUIVALENT,0.9946919657191453,0.9955405569585101,0.9712531050948878,0.9739838199085595,True,w_frac_fast_mean,0.8331163815920787
0.6,20260708,8000,426,gboost,T2_vs_T4,auc,-0.0003551809935395944,-0.0042371595020647855,0.0025119951852622777,0.0042371595020647855,EQUIVALENT,0.9946919657191453,0.9943367847256057,0.9712531050948878,0.9796172227817704,True,w_frac_fast_mean,0.8331163815920787
0.6,20260708,8000,426,gboost,T2_vs_T4,ap,0.00836411768688261,0.0038042984952866787,0.013284134122836782,0.013284134122836782,EQUIVALENT,0.9946919657191453,0.9943367847256057,0.9712531050948878,0.9796172227817704,True,w_frac_fast_mean,0.8331163815920787
0.6,20260709,8000,383,logit,T2_vs_T3,auc,0.009568057707937339,0.006092053850963025,0.013791316759997634,0.013791316759997634,EQUIVALENT,0.9699408119326324,0.9795088696405697,0.839040241986211,0.8681538906579754,True,w_frac_fast_mean,0.8340499178867115
0.6,20260709,8000,383,logit,T2_vs_T3,ap,0.02911364867176447,0.01856051868448185,0.04041998606975916,0.04041998606975916,INCONCLUSIVE,0.9699408119326324,0.9795088696405697,0.839040241986211,0.8681538906579754,True,w_frac_fast_mean,0.8340499178867115
0.6,20260709,8000,383,logit,T2_vs_T4,auc,0.011433816963635435,0.007533989742409203,0.015948370235263704,0.015948370235263704,EQUIVALENT,0.9699408119326324,0.9813746288962678,0.839040241986211,0.8974066439317046,True,w_frac_fast_mean,0.8340499178867115
0.6,20260709,8000,383,logit,T2_vs_T4,ap,0.058366401945493585,0.04393042181378532,0.0738061074784257,0.0738061074784257,SURVEILLANCE_SUPERIOR,0.9699408119326324,0.9813746288962678,0.839040241986211,0.8974066439317046,True,w_frac_fast_mean,0.8340499178867115
0.6,20260709,8000,383,gboost,T2_vs_T3,auc,0.0016522064325676933,-0.004182078677822404,0.006743076647513923,0.006743076647513923,EQUIVALENT,0.9827303294026587,0.9843825358352264,0.9407867538703083,0.9508599032122156,True,w_frac_fast_mean,0.8340499178867115
0.6,20260709,8000,383,gboost,T2_vs_T3,ap,0.010073149341907284,0.004876380510046718,0.016046862803263756,0.016046862803263756,EQUIVALENT,0.9827303294026587,0.9843825358352264,0.9407867538703083,0.9508599032122156,True,w_frac_fast_mean,0.8340499178867115
0.6,20260709,8000,383,gboost,T2_vs_T4,auc,0.006919042913148599,0.003650140734843366,0.010890249480451414,0.010890249480451414,EQUIVALENT,0.9827303294026587,0.9896493723158073,0.9407867538703083,0.9616873340923731,True,w_frac_fast_mean,0.8340499178867115
0.6,20260709,8000,383,gboost,T2_vs_T4,ap,0.020900580222064757,0.012947505872357585,0.0298062408382859,0.0298062408382859,EQUIVALENT,0.9827303294026587,0.9896493723158073,0.9407867538703083,0.9616873340923731,True,w_frac_fast_mean,0.8340499178867115
0.7,20260707,8000,388,logit,T2_vs_T3,auc,0.0040965567118658175,0.0011005062858668758,0.007112039493657873,0.007112039493657873,EQUIVALENT,0.9758449084733274,0.9799414651851932,0.8653865430590171,0.8870068618684365,True,w_frac_fast_mean,0.8262059769977952
0.7,20260707,8000,388,logit,T2_vs_T3,ap,0.021620318809419392,0.013016883193122664,0.030342524157343825,0.030342524157343825,INCONCLUSIVE,0.9758449084733274,0.9799414651851932,0.8653865430590171,0.8870068618684365,True,w_frac_fast_mean,0.8262059769977952
0.7,20260707,8000,388,logit,T2_vs_T4,auc,0.012256827255933578,0.007446433453325701,0.017323180223102603,0.017323180223102603,EQUIVALENT,0.9758449084733274,0.988101735729261,0.8653865430590171,0.9229307951787715,True,w_frac_fast_mean,0.8262059769977952
0.7,20260707,8000,388,logit,T2_vs_T4,ap,0.05754425211975445,0.04260856179737383,0.07385084347372896,0.07385084347372896,SURVEILLANCE_SUPERIOR,0.9758449084733274,0.988101735729261,0.8653865430590171,0.9229307951787715,True,w_frac_fast_mean,0.8262059769977952
0.7,20260707,8000,388,gboost,T2_vs_T3,auc,0.0021972563667784772,-7.971099487805167e-05,0.006188733581095212,0.006188733581095212,EQUIVALENT,0.9908278640345413,0.9930251204013197,0.9636640953886951,0.9671327906160199,True,w_frac_fast_mean,0.8262059769977952
0.7,20260707,8000,388,gboost,T2_vs_T3,ap,0.0034686952273247362,0.000989229462490332,0.006274279428572116,0.006274279428572116,EQUIVALENT,0.9908278640345413,0.9930251204013197,0.9636640953886951,0.9671327906160199,True,w_frac_fast_mean,0.8262059769977952
0.7,20260707,8000,388,gboost,T2_vs_T4,auc,0.002994627311190712,0.0011517611022593354,0.005005083978187758,0.005005083978187758,EQUIVALENT,0.9908278640345413,0.993822491345732,0.9636640953886951,0.9755400146497465,True,w_frac_fast_mean,0.8262059769977952
0.7,20260707,8000,388,gboost,T2_vs_T4,ap,0.01187591926105136,0.005962938720690353,0.018256051900276536,0.018256051900276536,EQUIVALENT,0.9908278640345413,0.993822491345732,0.9636640953886951,0.9755400146497465,True,w_frac_fast_mean,0.8262059769977952
0.7,20260708,8000,426,logit,T2_vs_T3,auc,0.006491196098339813,0.0037401075535209495,0.009438223060409968,0.009438223060409968,EQUIVALENT,0.9744204599128969,0.9809116560112368,0.8475705799343202,0.8773174467283568,True,w_frac_fast_mean,0.8222359418370977
0.7,20260708,8000,426,logit,T2_vs_T3,ap,0.029746866794036597,0.020476170809198346,0.03963899451595355,0.03963899451595355,INCONCLUSIVE,0.9744204599128969,0.9809116560112368,0.8475705799343202,0.8773174467283568,True,w_frac_fast_mean,0.8222359418370977
0.7,20260708,8000,426,logit,T2_vs_T4,auc,0.009094616993396087,0.005611168733483496,0.012785109777004826,0.012785109777004826,EQUIVALENT,0.9744204599128969,0.983515076906293,0.8475705799343202,0.9048940948272522,True,w_frac_fast_mean,0.8222359418370977
0.7,20260708,8000,426,logit,T2_vs_T4,ap,0.05732351489293208,0.044863737447696374,0.07062200303840953,0.07062200303840953,SURVEILLANCE_SUPERIOR,0.9744204599128969,0.983515076906293,0.8475705799343202,0.9048940948272522,True,w_frac_fast_mean,0.8222359418370977
0.7,20260708,8000,426,gboost,T2_vs_T3,auc,0.003736838777582352,0.0003324522661817431,0.008348882252235757,0.008348882252235757,EQUIVALENT,0.9863391687153109,0.9900760074928933,0.9530437656661533,0.9590863076507231,True,w_frac_fast_mean,0.8222359418370977
0.7,20260708,8000,426,gboost,T2_vs_T3,ap,0.006042541984569771,0.0013653797506044674,0.010862174182427386,0.010862174182427386,EQUIVALENT,0.9863391687153109,0.9900760074928933,0.9530437656661533,0.9590863076507231,True,w_frac_fast_mean,0.8222359418370977
0.7,20260708,8000,426,gboost,T2_vs_T4,auc,0.005149194613150332,0.0016527531029140563,0.009923529413471277,0.009923529413471277,EQUIVALENT,0.9863391687153109,0.9914883633284612,0.9530437656661533,0.9675438984879543,True,w_frac_fast_mean,0.8222359418370977
0.7,20260708,8000,426,gboost,T2_vs_T4,ap,0.01450013282180096,0.007970685312803849,0.022043551149177294,0.022043551149177294,EQUIVALENT,0.9863391687153109,0.9914883633284612,0.9530437656661533,0.9675438984879543,True,w_frac_fast_mean,0.8222359418370977
0.7,20260709,8000,383,logit,T2_vs_T3,auc,0.005496842811753666,0.0022781137389477233,0.008801852860254877,0.008801852860254877,EQUIVALENT,0.9778714028089566,0.9833682456207102,0.850380794180115,0.8836312641829481,True,w_frac_fast_mean,0.8337177626931102
0.7,20260709,8000,383,logit,T2_vs_T3,ap,0.0332504700028331,0.023828405514461158,0.04376317770263074,0.04376317770263074,INCONCLUSIVE,0.9778714028089566,0.9833682456207102,0.850380794180115,0.8836312641829481,True,w_frac_fast_mean,0.8337177626931102
0.7,20260709,8000,383,logit,T2_vs_T4,auc,0.010242651537666014,0.006271536729672189,0.014246476528374297,0.014246476528374297,EQUIVALENT,0.9778714028089566,0.9881140543466226,0.850380794180115,0.913869309555453,True,w_frac_fast_mean,0.8337177626931102
0.7,20260709,8000,383,logit,T2_vs_T4,ap,0.06348851537533795,0.0488900727246777,0.07861715386987224,0.07861715386987224,SURVEILLANCE_SUPERIOR,0.9778714028089566,0.9881140543466226,0.850380794180115,0.913869309555453,True,w_frac_fast_mean,0.8337177626931102
0.7,20260709,8000,383,gboost,T2_vs_T3,auc,0.00034106751045737127,-0.0003586554397639219,0.001087416156333587,0.001087416156333587,EQUIVALENT,0.9972073597912599,0.9975484273017172,0.9692862621647691,0.972774280254512,True,w_frac_fast_mean,0.8337177626931102
0.7,20260709,8000,383,gboost,T2_vs_T3,ap,0.0034880180897428614,-0.0006500719078694872,0.007743475110839181,0.007743475110839181,EQUIVALENT,0.9972073597912599,0.9975484273017172,0.9692862621647691,0.972774280254512,True,w_frac_fast_mean,0.8337177626931102
0.7,20260709,8000,383,gboost,T2_vs_T4,auc,0.0007846266647607569,-4.994021146952909e-05,0.0017682085418233018,0.0017682085418233018,EQUIVALENT,0.9972073597912599,0.9979919864560206,0.9692862621647691,0.9781103549165515,True,w_frac_fast_mean,0.8337177626931102
0.7,20260709,8000,383,gboost,T2_vs_T4,ap,0.00882409275178242,0.003472883594841364,0.015230187869023748,0.015230187869023748,EQUIVALENT,0.9972073597912599,0.9979919864560206,0.9692862621647691,0.9781103549165515,True,w_frac_fast_mean,0.8337177626931102
0.8,20260707,8000,388,logit,T2_vs_T3,auc,0.004863793467720479,0.0015920723295824834,0.00826345079787789,0.00826345079787789,EQUIVALENT,0.9794664284824287,0.9843302219501492,0.8713299040421104,0.8953382416656198,True,internal_vol,0.8207654016176303
0.8,20260707,8000,388,logit,T2_vs_T3,ap,0.0240083376235094,0.015086980893289382,0.03296907188662485,0.03296907188662485,INCONCLUSIVE,0.9794664284824287,0.9843302219501492,0.8713299040421104,0.8953382416656198,True,internal_vol,0.8207654016176303
0.8,20260707,8000,388,logit,T2_vs_T4,auc,0.010231742067598248,0.006121544955190866,0.015088876095264601,0.015088876095264601,EQUIVALENT,0.9794664284824287,0.989698170550027,0.8713299040421104,0.9232483085605759,True,internal_vol,0.8207654016176303
0.8,20260707,8000,388,logit,T2_vs_T4,ap,0.05191840451846552,0.03873186834640824,0.06670014326340136,0.06670014326340136,SURVEILLANCE_SUPERIOR,0.9794664284824287,0.989698170550027,0.8713299040421104,0.9232483085605759,True,internal_vol,0.8207654016176303
0.8,20260707,8000,388,gboost,T2_vs_T3,auc,-0.0002507232205255505,-0.002069844232696427,0.0013884030580109561,0.002069844232696427,EQUIVALENT,0.9932594221820132,0.9930086989614877,0.9632735985606535,0.9642424675265895,True,internal_vol,0.8207654016176303
0.8,20260707,8000,388,gboost,T2_vs_T3,ap,0.000968868965935954,-0.002612672843933117,0.0044542012516583735,0.0044542012516583735,EQUIVALENT,0.9932594221820132,0.9930086989614877,0.9632735985606535,0.9642424675265895,True,internal_vol,0.8207654016176303
0.8,20260707,8000,388,gboost,T2_vs_T4,auc,0.0009158761803120807,-0.0007069012254618756,0.0025411692256880774,0.0025411692256880774,EQUIVALENT,0.9932594221820132,0.9941752983623253,0.9632735985606535,0.9731928097201972,True,internal_vol,0.8207654016176303
0.8,20260707,8000,388,gboost,T2_vs_T4,ap,0.00991921115954364,0.005573157932144829,0.014612151694696924,0.014612151694696924,EQUIVALENT,0.9932594221820132,0.9941752983623253,0.9632735985606535,0.9731928097201972,True,internal_vol,0.8207654016176303
0.8,20260708,8000,426,logit,T2_vs_T3,auc,0.007079755179258074,0.003795252903704871,0.010591379031425412,0.010591379031425412,EQUIVALENT,0.9754246365438471,0.9825043917231052,0.8469287143486143,0.8753992657142268,True,w_frac_fast_mean,0.8304602724170035
0.8,20260708,8000,426,logit,T2_vs_T3,ap,0.028470551365612495,0.019344601125444942,0.038591739114660996,0.038591739114660996,INCONCLUSIVE,0.9754246365438471,0.9825043917231052,0.8469287143486143,0.8753992657142268,True,w_frac_fast_mean,0.8304602724170035
0.8,20260708,8000,426,logit,T2_vs_T4,auc,0.012647976584088783,0.008258563069385393,0.0171731450425374,0.0171731450425374,EQUIVALENT,0.9754246365438471,0.9880726131279359,0.8469287143486143,0.9115715435210828,True,w_frac_fast_mean,0.8304602724170035
0.8,20260708,8000,426,logit,T2_vs_T4,ap,0.06464282917246855,0.04933024789152905,0.0797391059250778,0.0797391059250778,SURVEILLANCE_SUPERIOR,0.9754246365438471,0.9880726131279359,0.8469287143486143,0.9115715435210828,True,w_frac_fast_mean,0.8304602724170035
0.8,20260708,8000,426,gboost,T2_vs_T3,auc,0.0010870831892156874,-0.0007171422348049517,0.0029074841141278284,0.0029074841141278284,EQUIVALENT,0.9925171794785966,0.9936042626678123,0.9570303678056817,0.965580733939343,True,w_frac_fast_mean,0.8304602724170035
0.8,20260708,8000,426,gboost,T2_vs_T3,ap,0.008550366133661225,0.003080708928642367,0.014289325769895828,0.014289325769895828,EQUIVALENT,0.9925171794785966,0.9936042626678123,0.9570303678056817,0.965580733939343,True,w_frac_fast_mean,0.8304602724170035
0.8,20260708,8000,426,gboost,T2_vs_T4,auc,0.003174778802203293,0.0014451403353732406,0.005001980521289101,0.005001980521289101,EQUIVALENT,0.9925171794785966,0.9956919582807999,0.9570303678056817,0.9731797935075744,True,w_frac_fast_mean,0.8304602724170035
0.8,20260708,8000,426,gboost,T2_vs_T4,ap,0.016149425701892706,0.00890843505027974,0.02351537507100452,0.02351537507100452,EQUIVALENT,0.9925171794785966,0.9956919582807999,0.9570303678056817,0.9731797935075744,True,w_frac_fast_mean,0.8304602724170035
0.8,20260709,8000,383,logit,T2_vs_T3,auc,0.006237593455068802,0.002681616619565996,0.010046845584758156,0.010046845584758156,EQUIVALENT,0.9697440553989615,0.9759816488540303,0.8505072531285444,0.8787832241518466,True,w_frac_fast_mean,0.8278928780647657
0.8,20260709,8000,383,logit,T2_vs_T3,ap,0.02827597102330226,0.017776426226124364,0.038929359522874726,0.038929359522874726,INCONCLUSIVE,0.9697440553989615,0.9759816488540303,0.8505072531285444,0.8787832241518466,True,w_frac_fast_mean,0.8278928780647657
0.8,20260709,8000,383,logit,T2_vs_T4,auc,0.012562253390194122,0.007888124404615855,0.017610194841162507,0.017610194841162507,EQUIVALENT,0.9697440553989615,0.9823063087891556,0.8505072531285444,0.9105874573383378,True,w_frac_fast_mean,0.8278928780647657
0.8,20260709,8000,383,logit,T2_vs_T4,ap,0.06008020420979343,0.044710641665482206,0.07606684152442586,0.07606684152442586,SURVEILLANCE_SUPERIOR,0.9697440553989615,0.9823063087891556,0.8505072531285444,0.9105874573383378,True,w_frac_fast_mean,0.8278928780647657
0.8,20260709,8000,383,gboost,T2_vs_T3,auc,0.0007510340858413178,-0.0004598697434985699,0.0020573233376108,0.0020573233376108,EQUIVALENT,0.9948102893383668,0.9955613234242081,0.9606908008768866,0.9634890641990085,True,w_frac_fast_mean,0.8278928780647657
0.8,20260709,8000,383,gboost,T2_vs_T3,ap,0.0027982633221218522,-0.0010995764645238047,0.006754457109981892,0.006754457109981892,EQUIVALENT,0.9948102893383668,0.9955613234242081,0.9606908008768866,0.9634890641990085,True,w_frac_fast_mean,0.8278928780647657
0.8,20260709,8000,383,gboost,T2_vs_T4,auc,0.0019757920907300663,0.0005740618751593263,0.0035624756756402697,0.0035624756756402697,EQUIVALENT,0.9948102893383668,0.9967860814290969,0.9606908008768866,0.9738521588302691,True,w_frac_fast_mean,0.8278928780647657
0.8,20260709,8000,383,gboost,T2_vs_T4,ap,0.013161357953382469,0.0073957670845527235,0.019687462136326068,0.019687462136326068,EQUIVALENT,0.9948102893383668,0.9967860814290969,0.9606908008768866,0.9738521588302691,True,w_frac_fast_mean,0.8278928780647657
0.9,20260707,8000,388,logit,T2_vs_T3,auc,0.008729095676387133,0.004361419034379926,0.012852227282499119,0.012852227282499119,EQUIVALENT,0.9650020179748742,0.9737311136512613,0.8315980581958714,0.8758312373990284,True,ent_n_in,0.821779129264157
0.9,20260707,8000,388,logit,T2_vs_T3,ap,0.04423317920315695,0.03179208703546034,0.05656407414543607,0.05656407414543607,SURVEILLANCE_SUPERIOR,0.9650020179748742,0.9737311136512613,0.8315980581958714,0.8758312373990284,True,ent_n_in,0.821779129264157
0.9,20260707,8000,388,logit,T2_vs_T4,auc,0.015265167315849593,0.009902450259597384,0.020771259500950674,0.020771259500950674,EQUIVALENT,0.9650020179748742,0.9802671852907238,0.8315980581958714,0.9039105157345467,True,ent_n_in,0.821779129264157
0.9,20260707,8000,388,logit,T2_vs_T4,ap,0.07231245753867532,0.05457553597436434,0.08939083921239716,0.08939083921239716,SURVEILLANCE_SUPERIOR,0.9650020179748742,0.9802671852907238,0.8315980581958714,0.9039105157345467,True,ent_n_in,0.821779129264157
0.9,20260707,8000,388,gboost,T2_vs_T3,auc,0.002983453960377247,0.00019327279670016686,0.006162876757880369,0.006162876757880369,EQUIVALENT,0.9891411959412972,0.9921246499016745,0.9516396032452444,0.9544948453492215,True,ent_n_in,0.821779129264157
0.9,20260707,8000,388,gboost,T2_vs_T3,ap,0.0028552421039770293,-0.002764015056964997,0.008384854516349027,0.008384854516349027,EQUIVALENT,0.9891411959412972,0.9921246499016745,0.9516396032452444,0.9544948453492215,True,ent_n_in,0.821779129264157
0.9,20260707,8000,388,gboost,T2_vs_T4,auc,0.004413642864495082,0.0014449618901642759,0.00798198230600966,0.00798198230600966,EQUIVALENT,0.9891411959412972,0.9935548388057923,0.9516396032452444,0.9655921957275684,True,ent_n_in,0.821779129264157
0.9,20260707,8000,388,gboost,T2_vs_T4,ap,0.013952592482323944,0.006771334254600453,0.02165134346164626,0.02165134346164626,EQUIVALENT,0.9891411959412972,0.9935548388057923,0.9516396032452444,0.9655921957275684,True,ent_n_in,0.821779129264157
0.9,20260708,8000,426,logit,T2_vs_T3,auc,0.006809805226925425,0.0034895976850659815,0.01026708096124579,0.01026708096124579,EQUIVALENT,0.9683836227469562,0.9751934279738816,0.8351449016973816,0.868889068256032,True,internal_vol,0.8204677851458723
0.9,20260708,8000,426,logit,T2_vs_T3,ap,0.03374416655865031,0.02358267691157361,0.04375149911612015,0.04375149911612015,INCONCLUSIVE,0.9683836227469562,0.9751934279738816,0.8351449016973816,0.868889068256032,True,internal_vol,0.8204677851458723
0.9,20260708,8000,426,logit,T2_vs_T4,auc,0.015035375531066819,0.00975485135144379,0.020405801809008833,0.020405801809008833,EQUIVALENT,0.9683836227469562,0.983418998278023,0.8351449016973816,0.9062666190831552,True,internal_vol,0.8204677851458723
0.9,20260708,8000,426,logit,T2_vs_T4,ap,0.07112171738577355,0.05610583475429343,0.08624452459510949,0.08624452459510949,SURVEILLANCE_SUPERIOR,0.9683836227469562,0.983418998278023,0.8351449016973816,0.9062666190831552,True,internal_vol,0.8204677851458723
0.9,20260708,8000,426,gboost,T2_vs_T3,auc,-0.001440869492990049,-0.0025029537433224336,-0.0005586744664253519,0.0025029537433224336,EQUIVALENT,0.9937176974353824,0.9922768279423924,0.9583953851246048,0.955747154346915,True,internal_vol,0.8204677851458723
0.9,20260708,8000,426,gboost,T2_vs_T3,ap,-0.0026482307776897196,-0.006074040060828789,0.0006380482847470389,0.006074040060828789,EQUIVALENT,0.9937176974353824,0.9922768279423924,0.9583953851246048,0.955747154346915,True,internal_vol,0.8204677851458723
0.9,20260708,8000,426,gboost,T2_vs_T4,auc,-0.0021056716144060017,-0.006657111025657319,0.0017850136769884668,0.006657111025657319,EQUIVALENT,0.9937176974353824,0.9916120258209764,0.9583953851246048,0.9674209118528139,True,internal_vol,0.8204677851458723
0.9,20260708,8000,426,gboost,T2_vs_T4,ap,0.00902552672820911,0.003151007852312271,0.015615253724883881,0.015615253724883881,EQUIVALENT,0.9937176974353824,0.9916120258209764,0.9583953851246048,0.9674209118528139,True,internal_vol,0.8204677851458723
0.9,20260709,8000,383,logit,T2_vs_T3,auc,0.009592737970000376,0.004748676876113062,0.015009107633023228,0.015009107633023228,EQUIVALENT,0.9683499633738055,0.9779427013438059,0.8466613329429648,0.8725320097225288,True,w_frac_fast_mean,0.8304126642651402
0.9,20260709,8000,383,logit,T2_vs_T3,ap,0.025870676779564006,0.014877169090587616,0.037202877100583606,0.037202877100583606,INCONCLUSIVE,0.9683499633738055,0.9779427013438059,0.8466613329429648,0.8725320097225288,True,w_frac_fast_mean,0.8304126642651402
0.9,20260709,8000,383,logit,T2_vs_T4,auc,0.016513837571654144,0.009726439736021131,0.02386351892838187,0.02386351892838187,EQUIVALENT,0.9683499633738055,0.9848638009454597,0.8466613329429648,0.906126544203431,True,w_frac_fast_mean,0.8304126642651402
0.9,20260709,8000,383,logit,T2_vs_T4,ap,0.05946521126046622,0.04267628163637475,0.07606158158498488,0.07606158158498488,SURVEILLANCE_SUPERIOR,0.9683499633738055,0.9848638009454597,0.8466613329429648,0.906126544203431,True,w_frac_fast_mean,0.8304126642651402
0.9,20260709,8000,383,gboost,T2_vs_T3,auc,0.0033417760396474705,0.0011493503642914294,0.00554030280211566,0.00554030280211566,EQUIVALENT,0.988656334549179,0.9919981105888265,0.9399390044792397,0.9511381606683746,True,w_frac_fast_mean,0.8304126642651402
0.9,20260709,8000,383,gboost,T2_vs_T3,ap,0.011199156189134918,0.004270924311789531,0.018920750924417674,0.018920750924417674,EQUIVALENT,0.988656334549179,0.9919981105888265,0.9399390044792397,0.9511381606683746,True,w_frac_fast_mean,0.8304126642651402
0.9,20260709,8000,383,gboost,T2_vs_T4,auc,0.005762498410351147,0.003592038815878912,0.008250400188214968,0.008250400188214968,EQUIVALENT,0.988656334549179,0.9944188329595302,0.9399390044792397,0.9650639365340711,True,w_frac_fast_mean,0.8304126642651402
0.9,20260709,8000,383,gboost,T2_vs_T4,ap,0.02512493205483135,0.015662609569340808,0.03558493675444738,0.03558493675444738,INCONCLUSIVE,0.988656334549179,0.9944188329595302,0.9399390044792397,0.9650639365340711,True,w_frac_fast_mean,0.8304126642651402
